Num Execution,Threads per Block,Input File,Run,Execution Time (ms),Executable
1,256,numbers_1048576.txt,1,27.2886,CUDA_fft.exe
1,256,numbers_1048576.txt,2,25.7801,CUDA_fft.exe
1,256,numbers_1048576.txt,3,25.7869,CUDA_fft.exe
1,256,numbers_1048576.txt,4,26.2563,CUDA_fft.exe
2,256,numbers_1048576.txt,1,30.1483,CUDA_fft.exe
2,256,numbers_1048576.txt,2,29.5534,CUDA_fft.exe
2,256,numbers_1048576.txt,3,26.2487,CUDA_fft.exe
2,256,numbers_1048576.txt,4,25.2192,CUDA_fft.exe
3,256,numbers_1048576.txt,1,27.6871,CUDA_fft.exe
3,256,numbers_1048576.txt,2,28.4188,CUDA_fft.exe
3,256,numbers_1048576.txt,3,25.677,CUDA_fft.exe
3,256,numbers_1048576.txt,4,24.6692,CUDA_fft.exe
4,,numbers_1024.txt,1,31.8678,CUDA_cuFFT.exe
4,,numbers_1024.txt,2,0.8584,CUDA_cuFFT.exe
4,,numbers_1024.txt,3,0.735552,CUDA_cuFFT.exe
4,,numbers_1024.txt,4,0.704768,CUDA_cuFFT.exe
4,,numbers_1024.txt,5,0.70544,CUDA_cuFFT.exe
4,,numbers_1024.txt,6,0.680896,CUDA_cuFFT.exe
4,,numbers_1024.txt,7,0.844032,CUDA_cuFFT.exe
4,,numbers_1024.txt,8,0.724864,CUDA_cuFFT.exe
4,,numbers_1024.txt,9,0.712608,CUDA_cuFFT.exe
4,,numbers_1024.txt,10,0.720928,CUDA_cuFFT.exe
5,,numbers_1024.txt,1,3.17936,CUDA_cuFFT.exe
5,,numbers_1024.txt,2,0.806304,CUDA_cuFFT.exe
5,,numbers_1024.txt,3,0.82512,CUDA_cuFFT.exe
5,,numbers_1024.txt,4,0.693472,CUDA_cuFFT.exe
5,,numbers_1024.txt,5,0.7136,CUDA_cuFFT.exe
5,,numbers_1024.txt,6,0.753952,CUDA_cuFFT.exe
5,,numbers_1024.txt,7,0.751744,CUDA_cuFFT.exe
5,,numbers_1024.txt,8,0.724288,CUDA_cuFFT.exe
5,,numbers_1024.txt,9,0.729888,CUDA_cuFFT.exe
5,,numbers_1024.txt,10,0.755392,CUDA_cuFFT.exe
6,,numbers_1024.txt,1,2.89088,CUDA_cuFFT.exe
6,,numbers_1024.txt,2,0.83184,CUDA_cuFFT.exe
6,,numbers_1024.txt,3,0.843424,CUDA_cuFFT.exe
6,,numbers_1024.txt,4,0.729408,CUDA_cuFFT.exe
6,,numbers_1024.txt,5,0.752576,CUDA_cuFFT.exe
6,,numbers_1024.txt,6,0.725536,CUDA_cuFFT.exe
6,,numbers_1024.txt,7,0.768896,CUDA_cuFFT.exe
6,,numbers_1024.txt,8,1.1001,CUDA_cuFFT.exe
6,,numbers_1024.txt,9,0.735296,CUDA_cuFFT.exe
6,,numbers_1024.txt,10,0.840608,CUDA_cuFFT.exe
7,,numbers_1024.txt,1,3.12336,CUDA_cuFFT.exe
7,,numbers_1024.txt,2,0.977056,CUDA_cuFFT.exe
7,,numbers_1024.txt,3,0.727648,CUDA_cuFFT.exe
7,,numbers_1024.txt,4,0.738912,CUDA_cuFFT.exe
7,,numbers_1024.txt,5,0.721248,CUDA_cuFFT.exe
7,,numbers_1024.txt,6,0.724096,CUDA_cuFFT.exe
7,,numbers_1024.txt,7,0.765856,CUDA_cuFFT.exe
7,,numbers_1024.txt,8,0.733952,CUDA_cuFFT.exe
7,,numbers_1024.txt,9,0.828768,CUDA_cuFFT.exe
7,,numbers_1024.txt,10,0.820256,CUDA_cuFFT.exe
8,,numbers_16384.txt,1,3.45798,CUDA_cuFFT.exe
8,,numbers_16384.txt,2,0.919328,CUDA_cuFFT.exe
8,,numbers_16384.txt,3,0.883616,CUDA_cuFFT.exe
8,,numbers_16384.txt,4,0.837504,CUDA_cuFFT.exe
8,,numbers_16384.txt,5,0.830208,CUDA_cuFFT.exe
8,,numbers_16384.txt,6,0.83536,CUDA_cuFFT.exe
8,,numbers_16384.txt,7,0.793056,CUDA_cuFFT.exe
8,,numbers_16384.txt,8,0.808448,CUDA_cuFFT.exe
8,,numbers_16384.txt,9,0.798112,CUDA_cuFFT.exe
8,,numbers_16384.txt,10,0.832032,CUDA_cuFFT.exe
9,,numbers_16384.txt,1,3.13309,CUDA_cuFFT.exe
9,,numbers_16384.txt,2,0.911776,CUDA_cuFFT.exe
9,,numbers_16384.txt,3,0.897952,CUDA_cuFFT.exe
9,,numbers_16384.txt,4,0.783904,CUDA_cuFFT.exe
9,,numbers_16384.txt,5,1.13878,CUDA_cuFFT.exe
9,,numbers_16384.txt,6,0.785536,CUDA_cuFFT.exe
9,,numbers_16384.txt,7,0.768992,CUDA_cuFFT.exe
9,,numbers_16384.txt,8,0.81008,CUDA_cuFFT.exe
9,,numbers_16384.txt,9,0.780768,CUDA_cuFFT.exe
9,,numbers_16384.txt,10,0.8432,CUDA_cuFFT.exe
10,,numbers_16384.txt,1,2.82502,CUDA_cuFFT.exe
10,,numbers_16384.txt,2,0.898464,CUDA_cuFFT.exe
10,,numbers_16384.txt,3,0.832352,CUDA_cuFFT.exe
10,,numbers_16384.txt,4,0.75184,CUDA_cuFFT.exe
10,,numbers_16384.txt,5,0.806976,CUDA_cuFFT.exe
10,,numbers_16384.txt,6,0.791008,CUDA_cuFFT.exe
10,,numbers_16384.txt,7,0.766976,CUDA_cuFFT.exe
10,,numbers_16384.txt,8,0.897728,CUDA_cuFFT.exe
10,,numbers_16384.txt,9,0.789152,CUDA_cuFFT.exe
10,,numbers_16384.txt,10,0.819712,CUDA_cuFFT.exe
11,,numbers_16384.txt,1,2.87075,CUDA_cuFFT.exe
11,,numbers_16384.txt,2,0.921664,CUDA_cuFFT.exe
11,,numbers_16384.txt,3,0.813184,CUDA_cuFFT.exe
11,,numbers_16384.txt,4,0.783488,CUDA_cuFFT.exe
11,,numbers_16384.txt,5,0.789056,CUDA_cuFFT.exe
11,,numbers_16384.txt,6,0.822624,CUDA_cuFFT.exe
11,,numbers_16384.txt,7,0.829952,CUDA_cuFFT.exe
11,,numbers_16384.txt,8,0.817856,CUDA_cuFFT.exe
11,,numbers_16384.txt,9,0.904832,CUDA_cuFFT.exe
11,,numbers_16384.txt,10,0.90752,CUDA_cuFFT.exe
12,,numbers_131072.txt,1,4.95901,CUDA_cuFFT.exe
12,,numbers_131072.txt,2,1.9617,CUDA_cuFFT.exe
12,,numbers_131072.txt,3,2.00912,CUDA_cuFFT.exe
12,,numbers_131072.txt,4,1.97094,CUDA_cuFFT.exe
12,,numbers_131072.txt,5,1.90854,CUDA_cuFFT.exe
12,,numbers_131072.txt,6,2.03744,CUDA_cuFFT.exe
12,,numbers_131072.txt,7,1.93488,CUDA_cuFFT.exe
12,,numbers_131072.txt,8,1.92173,CUDA_cuFFT.exe
12,,numbers_131072.txt,9,1.8639,CUDA_cuFFT.exe
12,,numbers_131072.txt,10,1.92282,CUDA_cuFFT.exe
13,,numbers_131072.txt,1,3.9431,CUDA_cuFFT.exe
13,,numbers_131072.txt,2,1.96906,CUDA_cuFFT.exe
13,,numbers_131072.txt,3,1.95248,CUDA_cuFFT.exe
13,,numbers_131072.txt,4,1.956,CUDA_cuFFT.exe
13,,numbers_131072.txt,5,1.98925,CUDA_cuFFT.exe
13,,numbers_131072.txt,6,1.99162,CUDA_cuFFT.exe
13,,numbers_131072.txt,7,1.95824,CUDA_cuFFT.exe
13,,numbers_131072.txt,8,1.94032,CUDA_cuFFT.exe
13,,numbers_131072.txt,9,1.9977,CUDA_cuFFT.exe
13,,numbers_131072.txt,10,1.99555,CUDA_cuFFT.exe
14,,numbers_131072.txt,1,3.97814,CUDA_cuFFT.exe
14,,numbers_131072.txt,2,1.98442,CUDA_cuFFT.exe
14,,numbers_131072.txt,3,1.95504,CUDA_cuFFT.exe
14,,numbers_131072.txt,4,2.04166,CUDA_cuFFT.exe
14,,numbers_131072.txt,5,1.91107,CUDA_cuFFT.exe
14,,numbers_131072.txt,6,1.98371,CUDA_cuFFT.exe
14,,numbers_131072.txt,7,1.93373,CUDA_cuFFT.exe
14,,numbers_131072.txt,8,1.91779,CUDA_cuFFT.exe
14,,numbers_131072.txt,9,1.90906,CUDA_cuFFT.exe
14,,numbers_131072.txt,10,1.90259,CUDA_cuFFT.exe
15,,numbers_131072.txt,1,3.86544,CUDA_cuFFT.exe
15,,numbers_131072.txt,2,1.95222,CUDA_cuFFT.exe
15,,numbers_131072.txt,3,1.91101,CUDA_cuFFT.exe
15,,numbers_131072.txt,4,1.99507,CUDA_cuFFT.exe
15,,numbers_131072.txt,5,1.92019,CUDA_cuFFT.exe
15,,numbers_131072.txt,6,1.91958,CUDA_cuFFT.exe
15,,numbers_131072.txt,7,1.94067,CUDA_cuFFT.exe
15,,numbers_131072.txt,8,1.95152,CUDA_cuFFT.exe
15,,numbers_131072.txt,9,1.88592,CUDA_cuFFT.exe
15,,numbers_131072.txt,10,1.93978,CUDA_cuFFT.exe
16,,numbers_1048576.txt,1,12.3049,CUDA_cuFFT.exe
16,,numbers_1048576.txt,2,10.0264,CUDA_cuFFT.exe
16,,numbers_1048576.txt,3,9.82598,CUDA_cuFFT.exe
16,,numbers_1048576.txt,4,9.79846,CUDA_cuFFT.exe
16,,numbers_1048576.txt,5,9.84509,CUDA_cuFFT.exe
16,,numbers_1048576.txt,6,9.56179,CUDA_cuFFT.exe
16,,numbers_1048576.txt,7,9.7081,CUDA_cuFFT.exe
16,,numbers_1048576.txt,8,9.60611,CUDA_cuFFT.exe
16,,numbers_1048576.txt,9,9.61987,CUDA_cuFFT.exe
16,,numbers_1048576.txt,10,9.61776,CUDA_cuFFT.exe
17,,numbers_1048576.txt,1,11.6834,CUDA_cuFFT.exe
17,,numbers_1048576.txt,2,9.74298,CUDA_cuFFT.exe
17,,numbers_1048576.txt,3,9.78826,CUDA_cuFFT.exe
17,,numbers_1048576.txt,4,9.7961,CUDA_cuFFT.exe
17,,numbers_1048576.txt,5,9.58384,CUDA_cuFFT.exe
17,,numbers_1048576.txt,6,9.65952,CUDA_cuFFT.exe
17,,numbers_1048576.txt,7,9.5913,CUDA_cuFFT.exe
17,,numbers_1048576.txt,8,9.71494,CUDA_cuFFT.exe
17,,numbers_1048576.txt,9,9.71158,CUDA_cuFFT.exe
17,,numbers_1048576.txt,10,9.60179,CUDA_cuFFT.exe
18,,numbers_1048576.txt,1,11.7478,CUDA_cuFFT.exe
18,,numbers_1048576.txt,2,9.81344,CUDA_cuFFT.exe
18,,numbers_1048576.txt,3,10.9268,CUDA_cuFFT.exe
18,,numbers_1048576.txt,4,9.89187,CUDA_cuFFT.exe
18,,numbers_1048576.txt,5,9.60678,CUDA_cuFFT.exe
18,,numbers_1048576.txt,6,9.6255,CUDA_cuFFT.exe
18,,numbers_1048576.txt,7,9.67325,CUDA_cuFFT.exe
18,,numbers_1048576.txt,8,9.70605,CUDA_cuFFT.exe
18,,numbers_1048576.txt,9,9.56848,CUDA_cuFFT.exe
18,,numbers_1048576.txt,10,9.64397,CUDA_cuFFT.exe
19,,numbers_1048576.txt,1,11.7028,CUDA_cuFFT.exe
19,,numbers_1048576.txt,2,9.81523,CUDA_cuFFT.exe
19,,numbers_1048576.txt,3,9.83392,CUDA_cuFFT.exe
19,,numbers_1048576.txt,4,9.74189,CUDA_cuFFT.exe
19,,numbers_1048576.txt,5,9.872,CUDA_cuFFT.exe
19,,numbers_1048576.txt,6,9.82432,CUDA_cuFFT.exe
19,,numbers_1048576.txt,7,9.79507,CUDA_cuFFT.exe
19,,numbers_1048576.txt,8,9.7257,CUDA_cuFFT.exe
19,,numbers_1048576.txt,9,9.68304,CUDA_cuFFT.exe
19,,numbers_1048576.txt,10,9.75488,CUDA_cuFFT.exe
20,,numbers_134217728.txt,1,2275.79,CUDA_cuFFT.exe
20,,numbers_134217728.txt,2,1690.87,CUDA_cuFFT.exe
20,,numbers_134217728.txt,3,1189.05,CUDA_cuFFT.exe
20,,numbers_134217728.txt,4,1415.28,CUDA_cuFFT.exe
20,,numbers_134217728.txt,5,1228.62,CUDA_cuFFT.exe
20,,numbers_134217728.txt,6,1167.15,CUDA_cuFFT.exe
20,,numbers_134217728.txt,7,1166.96,CUDA_cuFFT.exe
20,,numbers_134217728.txt,8,1157.24,CUDA_cuFFT.exe
20,,numbers_134217728.txt,9,1166.01,CUDA_cuFFT.exe
20,,numbers_134217728.txt,10,1175.4,CUDA_cuFFT.exe
21,,numbers_134217728.txt,1,2119.12,CUDA_cuFFT.exe
21,,numbers_134217728.txt,2,1299.78,CUDA_cuFFT.exe
21,,numbers_134217728.txt,3,1144.15,CUDA_cuFFT.exe
21,,numbers_134217728.txt,4,1193.15,CUDA_cuFFT.exe
21,,numbers_134217728.txt,5,1142.26,CUDA_cuFFT.exe
21,,numbers_134217728.txt,6,1129.33,CUDA_cuFFT.exe
21,,numbers_134217728.txt,7,1193.06,CUDA_cuFFT.exe
21,,numbers_134217728.txt,8,1120.2,CUDA_cuFFT.exe
21,,numbers_134217728.txt,9,1128.6,CUDA_cuFFT.exe
21,,numbers_134217728.txt,10,1150.66,CUDA_cuFFT.exe
22,,numbers_134217728.txt,1,2037.34,CUDA_cuFFT.exe
22,,numbers_134217728.txt,2,1169.73,CUDA_cuFFT.exe
22,,numbers_134217728.txt,3,1121.29,CUDA_cuFFT.exe
22,,numbers_134217728.txt,4,1125.72,CUDA_cuFFT.exe
22,,numbers_134217728.txt,5,1124.14,CUDA_cuFFT.exe
22,,numbers_134217728.txt,6,1116.84,CUDA_cuFFT.exe
22,,numbers_134217728.txt,7,1121.94,CUDA_cuFFT.exe
22,,numbers_134217728.txt,8,1123.36,CUDA_cuFFT.exe
22,,numbers_134217728.txt,9,1122.48,CUDA_cuFFT.exe
22,,numbers_134217728.txt,10,1130.2,CUDA_cuFFT.exe
23,,numbers_134217728.txt,1,2053.88,CUDA_cuFFT.exe
23,,numbers_134217728.txt,2,1143.06,CUDA_cuFFT.exe
23,,numbers_134217728.txt,3,1129.45,CUDA_cuFFT.exe
23,,numbers_134217728.txt,4,1160.21,CUDA_cuFFT.exe
23,,numbers_134217728.txt,5,1154.86,CUDA_cuFFT.exe
23,,numbers_134217728.txt,6,1125.57,CUDA_cuFFT.exe
23,,numbers_134217728.txt,7,1122.78,CUDA_cuFFT.exe
23,,numbers_134217728.txt,8,1123.93,CUDA_cuFFT.exe
23,,numbers_134217728.txt,9,1121.59,CUDA_cuFFT.exe
23,,numbers_134217728.txt,10,1150.93,CUDA_cuFFT.exe
24,32,numbers_1024.txt,1,4.06893,CUDA_fft.exe
24,32,numbers_1024.txt,2,0.606432,CUDA_fft.exe
24,32,numbers_1024.txt,3,0.753312,CUDA_fft.exe
24,32,numbers_1024.txt,4,0.593632,CUDA_fft.exe
24,32,numbers_1024.txt,5,0.567424,CUDA_fft.exe
24,32,numbers_1024.txt,6,0.53856,CUDA_fft.exe
24,32,numbers_1024.txt,7,0.547456,CUDA_fft.exe
24,32,numbers_1024.txt,8,0.571424,CUDA_fft.exe
24,32,numbers_1024.txt,9,0.526688,CUDA_fft.exe
24,32,numbers_1024.txt,10,0.56768,CUDA_fft.exe
25,64,numbers_1024.txt,1,1.43702,CUDA_fft.exe
25,64,numbers_1024.txt,2,0.532096,CUDA_fft.exe
25,64,numbers_1024.txt,3,0.779456,CUDA_fft.exe
25,64,numbers_1024.txt,4,0.54176,CUDA_fft.exe
25,64,numbers_1024.txt,5,0.541088,CUDA_fft.exe
25,64,numbers_1024.txt,6,0.550592,CUDA_fft.exe
25,64,numbers_1024.txt,7,0.517824,CUDA_fft.exe
25,64,numbers_1024.txt,8,0.559968,CUDA_fft.exe
25,64,numbers_1024.txt,9,0.570656,CUDA_fft.exe
25,64,numbers_1024.txt,10,0.574528,CUDA_fft.exe
26,128,numbers_1024.txt,1,1.38429,CUDA_fft.exe
26,128,numbers_1024.txt,2,0.486848,CUDA_fft.exe
26,128,numbers_1024.txt,3,0.538752,CUDA_fft.exe
26,128,numbers_1024.txt,4,0.526816,CUDA_fft.exe
26,128,numbers_1024.txt,5,0.5056,CUDA_fft.exe
26,128,numbers_1024.txt,6,0.488416,CUDA_fft.exe
26,128,numbers_1024.txt,7,0.516384,CUDA_fft.exe
26,128,numbers_1024.txt,8,0.489824,CUDA_fft.exe
26,128,numbers_1024.txt,9,0.578208,CUDA_fft.exe
26,128,numbers_1024.txt,10,0.5504,CUDA_fft.exe
27,256,numbers_1024.txt,1,1.26291,CUDA_fft.exe
27,256,numbers_1024.txt,2,0.5984,CUDA_fft.exe
27,256,numbers_1024.txt,3,0.55632,CUDA_fft.exe
27,256,numbers_1024.txt,4,0.550592,CUDA_fft.exe
27,256,numbers_1024.txt,5,0.60528,CUDA_fft.exe
27,256,numbers_1024.txt,6,0.561152,CUDA_fft.exe
27,256,numbers_1024.txt,7,0.56912,CUDA_fft.exe
27,256,numbers_1024.txt,8,0.541568,CUDA_fft.exe
27,256,numbers_1024.txt,9,0.568736,CUDA_fft.exe
27,256,numbers_1024.txt,10,0.57776,CUDA_fft.exe
28,32,numbers_16384.txt,1,1.7465,CUDA_fft.exe
28,32,numbers_16384.txt,2,0.918208,CUDA_fft.exe
28,32,numbers_16384.txt,3,0.931904,CUDA_fft.exe
28,32,numbers_16384.txt,4,0.946656,CUDA_fft.exe
28,32,numbers_16384.txt,5,0.88768,CUDA_fft.exe
28,32,numbers_16384.txt,6,0.837248,CUDA_fft.exe
28,32,numbers_16384.txt,7,0.90912,CUDA_fft.exe
28,32,numbers_16384.txt,8,0.897888,CUDA_fft.exe
28,32,numbers_16384.txt,9,1.02512,CUDA_fft.exe
28,32,numbers_16384.txt,10,0.810912,CUDA_fft.exe
29,64,numbers_16384.txt,1,1.90746,CUDA_fft.exe
29,64,numbers_16384.txt,2,0.90736,CUDA_fft.exe
29,64,numbers_16384.txt,3,0.96624,CUDA_fft.exe
29,64,numbers_16384.txt,4,0.927648,CUDA_fft.exe
29,64,numbers_16384.txt,5,0.887104,CUDA_fft.exe
29,64,numbers_16384.txt,6,1.54214,CUDA_fft.exe
29,64,numbers_16384.txt,7,1.01024,CUDA_fft.exe
29,64,numbers_16384.txt,8,0.892064,CUDA_fft.exe
29,64,numbers_16384.txt,9,0.885152,CUDA_fft.exe
29,64,numbers_16384.txt,10,0.935328,CUDA_fft.exe
30,128,numbers_16384.txt,1,1.58957,CUDA_fft.exe
30,128,numbers_16384.txt,2,1.07069,CUDA_fft.exe
30,128,numbers_16384.txt,3,0.9184,CUDA_fft.exe
30,128,numbers_16384.txt,4,0.961376,CUDA_fft.exe
30,128,numbers_16384.txt,5,0.999584,CUDA_fft.exe
30,128,numbers_16384.txt,6,0.860736,CUDA_fft.exe
30,128,numbers_16384.txt,7,0.967776,CUDA_fft.exe
30,128,numbers_16384.txt,8,0.90224,CUDA_fft.exe
30,128,numbers_16384.txt,9,1.52525,CUDA_fft.exe
30,128,numbers_16384.txt,10,0.931328,CUDA_fft.exe
31,256,numbers_16384.txt,1,1.58896,CUDA_fft.exe
31,256,numbers_16384.txt,2,0.811296,CUDA_fft.exe
31,256,numbers_16384.txt,3,0.945568,CUDA_fft.exe
31,256,numbers_16384.txt,4,0.851552,CUDA_fft.exe
31,256,numbers_16384.txt,5,1.5727,CUDA_fft.exe
31,256,numbers_16384.txt,6,0.96528,CUDA_fft.exe
31,256,numbers_16384.txt,7,0.802432,CUDA_fft.exe
31,256,numbers_16384.txt,8,0.903072,CUDA_fft.exe
31,256,numbers_16384.txt,9,0.956576,CUDA_fft.exe
31,256,numbers_16384.txt,10,0.946688,CUDA_fft.exe
32,32,numbers_131072.txt,1,3.77984,CUDA_fft.exe
32,32,numbers_131072.txt,2,3.4312,CUDA_fft.exe
32,32,numbers_131072.txt,3,3.33926,CUDA_fft.exe
32,32,numbers_131072.txt,4,3.58531,CUDA_fft.exe
32,32,numbers_131072.txt,5,3.32237,CUDA_fft.exe
32,32,numbers_131072.txt,6,3.64294,CUDA_fft.exe
32,32,numbers_131072.txt,7,3.31482,CUDA_fft.exe
32,32,numbers_131072.txt,8,3.54701,CUDA_fft.exe
32,32,numbers_131072.txt,9,3.46925,CUDA_fft.exe
32,32,numbers_131072.txt,10,3.36576,CUDA_fft.exe
33,64,numbers_131072.txt,1,3.90538,CUDA_fft.exe
33,64,numbers_131072.txt,2,4.2681,CUDA_fft.exe
33,64,numbers_131072.txt,3,3.45472,CUDA_fft.exe
33,64,numbers_131072.txt,4,3.29792,CUDA_fft.exe
33,64,numbers_131072.txt,5,3.21002,CUDA_fft.exe
33,64,numbers_131072.txt,6,3.19283,CUDA_fft.exe
33,64,numbers_131072.txt,7,3.25187,CUDA_fft.exe
33,64,numbers_131072.txt,8,3.31034,CUDA_fft.exe
33,64,numbers_131072.txt,9,3.3208,CUDA_fft.exe
33,64,numbers_131072.txt,10,3.23414,CUDA_fft.exe
34,128,numbers_131072.txt,1,3.90634,CUDA_fft.exe
34,128,numbers_131072.txt,2,3.26851,CUDA_fft.exe
34,128,numbers_131072.txt,3,3.30483,CUDA_fft.exe
34,128,numbers_131072.txt,4,3.63827,CUDA_fft.exe
34,128,numbers_131072.txt,5,3.20816,CUDA_fft.exe
34,128,numbers_131072.txt,6,3.26867,CUDA_fft.exe
34,128,numbers_131072.txt,7,3.34042,CUDA_fft.exe
34,128,numbers_131072.txt,8,3.37165,CUDA_fft.exe
34,128,numbers_131072.txt,9,3.31456,CUDA_fft.exe
34,128,numbers_131072.txt,10,3.30682,CUDA_fft.exe
35,256,numbers_131072.txt,1,3.97405,CUDA_fft.exe
35,256,numbers_131072.txt,2,3.32038,CUDA_fft.exe
35,256,numbers_131072.txt,3,3.2408,CUDA_fft.exe
35,256,numbers_131072.txt,4,3.384,CUDA_fft.exe
35,256,numbers_131072.txt,5,3.3223,CUDA_fft.exe
35,256,numbers_131072.txt,6,3.50435,CUDA_fft.exe
35,256,numbers_131072.txt,7,3.33613,CUDA_fft.exe
35,256,numbers_131072.txt,8,3.47152,CUDA_fft.exe
35,256,numbers_131072.txt,9,3.26019,CUDA_fft.exe
35,256,numbers_131072.txt,10,3.38538,CUDA_fft.exe
36,32,numbers_1048576.txt,1,26.9922,CUDA_fft.exe
36,32,numbers_1048576.txt,2,26.4881,CUDA_fft.exe
36,32,numbers_1048576.txt,3,28.0112,CUDA_fft.exe
36,32,numbers_1048576.txt,4,26.4744,CUDA_fft.exe
36,32,numbers_1048576.txt,5,26.4437,CUDA_fft.exe
36,32,numbers_1048576.txt,6,26.1342,CUDA_fft.exe
36,32,numbers_1048576.txt,7,24.5759,CUDA_fft.exe
36,32,numbers_1048576.txt,8,24.3581,CUDA_fft.exe
36,32,numbers_1048576.txt,9,24.094,CUDA_fft.exe
36,32,numbers_1048576.txt,10,24.7281,CUDA_fft.exe
37,64,numbers_1048576.txt,1,25.4174,CUDA_fft.exe
37,64,numbers_1048576.txt,2,24.9517,CUDA_fft.exe
37,64,numbers_1048576.txt,3,23.3135,CUDA_fft.exe
37,64,numbers_1048576.txt,4,21.8886,CUDA_fft.exe
37,64,numbers_1048576.txt,5,21.8532,CUDA_fft.exe
37,64,numbers_1048576.txt,6,24.3458,CUDA_fft.exe
37,64,numbers_1048576.txt,7,22.9112,CUDA_fft.exe
37,64,numbers_1048576.txt,8,21.6971,CUDA_fft.exe
37,64,numbers_1048576.txt,9,22.6815,CUDA_fft.exe
37,64,numbers_1048576.txt,10,21.7923,CUDA_fft.exe
38,128,numbers_1048576.txt,1,22.977,CUDA_fft.exe
38,128,numbers_1048576.txt,2,22.5124,CUDA_fft.exe
38,128,numbers_1048576.txt,3,22.6231,CUDA_fft.exe
38,128,numbers_1048576.txt,4,21.8797,CUDA_fft.exe
38,128,numbers_1048576.txt,5,22.5493,CUDA_fft.exe
38,128,numbers_1048576.txt,6,23.4331,CUDA_fft.exe
38,128,numbers_1048576.txt,7,22.2397,CUDA_fft.exe
38,128,numbers_1048576.txt,8,22.5319,CUDA_fft.exe
38,128,numbers_1048576.txt,9,22.1429,CUDA_fft.exe
38,128,numbers_1048576.txt,10,22.7206,CUDA_fft.exe
39,256,numbers_1048576.txt,1,27.0033,CUDA_fft.exe
39,256,numbers_1048576.txt,2,23.1219,CUDA_fft.exe
39,256,numbers_1048576.txt,3,23.9035,CUDA_fft.exe
39,256,numbers_1048576.txt,4,23.0196,CUDA_fft.exe
39,256,numbers_1048576.txt,5,24.3816,CUDA_fft.exe
39,256,numbers_1048576.txt,6,23.6522,CUDA_fft.exe
39,256,numbers_1048576.txt,7,24.0244,CUDA_fft.exe
39,256,numbers_1048576.txt,8,23.2004,CUDA_fft.exe
39,256,numbers_1048576.txt,9,24.6604,CUDA_fft.exe
39,256,numbers_1048576.txt,10,23.3866,CUDA_fft.exe
40,32,numbers_134217728.txt,1,3380.7,CUDA_fft.exe
40,32,numbers_134217728.txt,2,3077.62,CUDA_fft.exe
40,32,numbers_134217728.txt,3,3115.37,CUDA_fft.exe
40,32,numbers_134217728.txt,4,3225.26,CUDA_fft.exe
40,32,numbers_134217728.txt,5,3097.43,CUDA_fft.exe
40,32,numbers_134217728.txt,6,2989.28,CUDA_fft.exe
40,32,numbers_134217728.txt,7,2961.93,CUDA_fft.exe
40,32,numbers_134217728.txt,8,2873.2,CUDA_fft.exe
40,32,numbers_134217728.txt,9,2904.33,CUDA_fft.exe
40,32,numbers_134217728.txt,10,2993.1,CUDA_fft.exe
41,64,numbers_134217728.txt,1,3291.78,CUDA_fft.exe
41,64,numbers_134217728.txt,2,3004.76,CUDA_fft.exe
41,64,numbers_134217728.txt,3,2931.76,CUDA_fft.exe
41,64,numbers_134217728.txt,4,2920.3,CUDA_fft.exe
41,64,numbers_134217728.txt,5,3274.32,CUDA_fft.exe
41,64,numbers_134217728.txt,6,3093.01,CUDA_fft.exe
41,64,numbers_134217728.txt,7,2945.28,CUDA_fft.exe
41,64,numbers_134217728.txt,8,2890.21,CUDA_fft.exe
41,64,numbers_134217728.txt,9,3127.83,CUDA_fft.exe
41,64,numbers_134217728.txt,10,3023.48,CUDA_fft.exe
42,128,numbers_134217728.txt,1,3331.37,CUDA_fft.exe
42,128,numbers_134217728.txt,2,3051.58,CUDA_fft.exe
42,128,numbers_134217728.txt,3,3004.96,CUDA_fft.exe
42,128,numbers_134217728.txt,4,2978.97,CUDA_fft.exe
42,128,numbers_134217728.txt,5,2961.0,CUDA_fft.exe
42,128,numbers_134217728.txt,6,3030.69,CUDA_fft.exe
42,128,numbers_134217728.txt,7,3045.79,CUDA_fft.exe
42,128,numbers_134217728.txt,8,3031.73,CUDA_fft.exe
42,128,numbers_134217728.txt,9,3003.62,CUDA_fft.exe
42,128,numbers_134217728.txt,10,3043.81,CUDA_fft.exe
43,256,numbers_134217728.txt,1,3174.97,CUDA_fft.exe
43,256,numbers_134217728.txt,2,3078.88,CUDA_fft.exe
43,256,numbers_134217728.txt,3,2970.43,CUDA_fft.exe
43,256,numbers_134217728.txt,4,2941.87,CUDA_fft.exe
43,256,numbers_134217728.txt,5,2955.82,CUDA_fft.exe
43,256,numbers_134217728.txt,6,2947.92,CUDA_fft.exe
43,256,numbers_134217728.txt,7,2906.13,CUDA_fft.exe
43,256,numbers_134217728.txt,8,2902.49,CUDA_fft.exe
43,256,numbers_134217728.txt,9,2872.49,CUDA_fft.exe
43,256,numbers_134217728.txt,10,2887.57,CUDA_fft.exe
44,32,numbers_1024.txt,1,0.28096,CUDA_FFT_NOE.exe
44,32,numbers_1024.txt,2,0.242176,CUDA_FFT_NOE.exe
44,32,numbers_1024.txt,3,0.230336,CUDA_FFT_NOE.exe
44,32,numbers_1024.txt,4,0.192288,CUDA_FFT_NOE.exe
44,32,numbers_1024.txt,5,0.240928,CUDA_FFT_NOE.exe
44,32,numbers_1024.txt,6,0.216928,CUDA_FFT_NOE.exe
44,32,numbers_1024.txt,7,0.206048,CUDA_FFT_NOE.exe
44,32,numbers_1024.txt,8,0.2472,CUDA_FFT_NOE.exe
44,32,numbers_1024.txt,9,0.20112,CUDA_FFT_NOE.exe
44,32,numbers_1024.txt,10,0.207232,CUDA_FFT_NOE.exe
45,64,numbers_1024.txt,1,0.279968,CUDA_FFT_NOE.exe
45,64,numbers_1024.txt,2,0.304576,CUDA_FFT_NOE.exe
45,64,numbers_1024.txt,3,0.215488,CUDA_FFT_NOE.exe
45,64,numbers_1024.txt,4,0.70384,CUDA_FFT_NOE.exe
45,64,numbers_1024.txt,5,0.220384,CUDA_FFT_NOE.exe
45,64,numbers_1024.txt,6,1.01222,CUDA_FFT_NOE.exe
45,64,numbers_1024.txt,7,0.22464,CUDA_FFT_NOE.exe
45,64,numbers_1024.txt,8,0.247072,CUDA_FFT_NOE.exe
45,64,numbers_1024.txt,9,0.222784,CUDA_FFT_NOE.exe
45,64,numbers_1024.txt,10,0.24752,CUDA_FFT_NOE.exe
46,128,numbers_1024.txt,1,0.24528,CUDA_FFT_NOE.exe
46,128,numbers_1024.txt,2,0.243776,CUDA_FFT_NOE.exe
46,128,numbers_1024.txt,3,0.218112,CUDA_FFT_NOE.exe
46,128,numbers_1024.txt,4,0.253824,CUDA_FFT_NOE.exe
46,128,numbers_1024.txt,5,0.232288,CUDA_FFT_NOE.exe
46,128,numbers_1024.txt,6,0.23856,CUDA_FFT_NOE.exe
46,128,numbers_1024.txt,7,0.215008,CUDA_FFT_NOE.exe
46,128,numbers_1024.txt,8,0.21056,CUDA_FFT_NOE.exe
46,128,numbers_1024.txt,9,0.219072,CUDA_FFT_NOE.exe
46,128,numbers_1024.txt,10,0.22832,CUDA_FFT_NOE.exe
47,256,numbers_1024.txt,1,0.265376,CUDA_FFT_NOE.exe
47,256,numbers_1024.txt,2,0.227456,CUDA_FFT_NOE.exe
47,256,numbers_1024.txt,3,0.216896,CUDA_FFT_NOE.exe
47,256,numbers_1024.txt,4,0.20784,CUDA_FFT_NOE.exe
47,256,numbers_1024.txt,5,0.205632,CUDA_FFT_NOE.exe
47,256,numbers_1024.txt,6,0.2104,CUDA_FFT_NOE.exe
47,256,numbers_1024.txt,7,0.21408,CUDA_FFT_NOE.exe
47,256,numbers_1024.txt,8,0.214112,CUDA_FFT_NOE.exe
47,256,numbers_1024.txt,9,0.266304,CUDA_FFT_NOE.exe
47,256,numbers_1024.txt,10,0.27808,CUDA_FFT_NOE.exe
48,32,numbers_16384.txt,1,0.52336,CUDA_FFT_NOE.exe
48,32,numbers_16384.txt,2,0.405088,CUDA_FFT_NOE.exe
48,32,numbers_16384.txt,3,0.384064,CUDA_FFT_NOE.exe
48,32,numbers_16384.txt,4,1.40336,CUDA_FFT_NOE.exe
48,32,numbers_16384.txt,5,0.494144,CUDA_FFT_NOE.exe
48,32,numbers_16384.txt,6,0.507104,CUDA_FFT_NOE.exe
48,32,numbers_16384.txt,7,0.445376,CUDA_FFT_NOE.exe
48,32,numbers_16384.txt,8,0.489248,CUDA_FFT_NOE.exe
48,32,numbers_16384.txt,9,0.358272,CUDA_FFT_NOE.exe
48,32,numbers_16384.txt,10,0.381312,CUDA_FFT_NOE.exe
49,64,numbers_16384.txt,1,0.407232,CUDA_FFT_NOE.exe
49,64,numbers_16384.txt,2,0.379456,CUDA_FFT_NOE.exe
49,64,numbers_16384.txt,3,0.352288,CUDA_FFT_NOE.exe
49,64,numbers_16384.txt,4,0.345952,CUDA_FFT_NOE.exe
49,64,numbers_16384.txt,5,0.356512,CUDA_FFT_NOE.exe
49,64,numbers_16384.txt,6,0.430944,CUDA_FFT_NOE.exe
49,64,numbers_16384.txt,7,0.381152,CUDA_FFT_NOE.exe
49,64,numbers_16384.txt,8,0.406816,CUDA_FFT_NOE.exe
49,64,numbers_16384.txt,9,0.366624,CUDA_FFT_NOE.exe
49,64,numbers_16384.txt,10,0.365984,CUDA_FFT_NOE.exe
50,128,numbers_16384.txt,1,0.540288,CUDA_FFT_NOE.exe
50,128,numbers_16384.txt,2,0.382656,CUDA_FFT_NOE.exe
50,128,numbers_16384.txt,3,0.432544,CUDA_FFT_NOE.exe
50,128,numbers_16384.txt,4,0.44576,CUDA_FFT_NOE.exe
50,128,numbers_16384.txt,5,0.39168,CUDA_FFT_NOE.exe
50,128,numbers_16384.txt,6,0.393984,CUDA_FFT_NOE.exe
50,128,numbers_16384.txt,7,0.38592,CUDA_FFT_NOE.exe
50,128,numbers_16384.txt,8,0.365344,CUDA_FFT_NOE.exe
50,128,numbers_16384.txt,9,0.802944,CUDA_FFT_NOE.exe
50,128,numbers_16384.txt,10,0.41952,CUDA_FFT_NOE.exe
51,256,numbers_16384.txt,1,0.430464,CUDA_FFT_NOE.exe
51,256,numbers_16384.txt,2,0.383328,CUDA_FFT_NOE.exe
51,256,numbers_16384.txt,3,0.42,CUDA_FFT_NOE.exe
51,256,numbers_16384.txt,4,0.691936,CUDA_FFT_NOE.exe
51,256,numbers_16384.txt,5,0.358944,CUDA_FFT_NOE.exe
51,256,numbers_16384.txt,6,0.465728,CUDA_FFT_NOE.exe
51,256,numbers_16384.txt,7,0.390464,CUDA_FFT_NOE.exe
51,256,numbers_16384.txt,8,0.377056,CUDA_FFT_NOE.exe
51,256,numbers_16384.txt,9,0.444768,CUDA_FFT_NOE.exe
51,256,numbers_16384.txt,10,0.463008,CUDA_FFT_NOE.exe
52,32,numbers_131072.txt,1,1.43987,CUDA_FFT_NOE.exe
52,32,numbers_131072.txt,2,1.30698,CUDA_FFT_NOE.exe
52,32,numbers_131072.txt,3,1.30576,CUDA_FFT_NOE.exe
52,32,numbers_131072.txt,4,1.27674,CUDA_FFT_NOE.exe
52,32,numbers_131072.txt,5,1.23786,CUDA_FFT_NOE.exe
52,32,numbers_131072.txt,6,1.22893,CUDA_FFT_NOE.exe
52,32,numbers_131072.txt,7,1.26416,CUDA_FFT_NOE.exe
52,32,numbers_131072.txt,8,1.28074,CUDA_FFT_NOE.exe
52,32,numbers_131072.txt,9,1.25549,CUDA_FFT_NOE.exe
52,32,numbers_131072.txt,10,1.23757,CUDA_FFT_NOE.exe
53,64,numbers_131072.txt,1,1.54486,CUDA_FFT_NOE.exe
53,64,numbers_131072.txt,2,1.40118,CUDA_FFT_NOE.exe
53,64,numbers_131072.txt,3,1.3039,CUDA_FFT_NOE.exe
53,64,numbers_131072.txt,4,2.12739,CUDA_FFT_NOE.exe
53,64,numbers_131072.txt,5,2.09946,CUDA_FFT_NOE.exe
53,64,numbers_131072.txt,6,1.32387,CUDA_FFT_NOE.exe
53,64,numbers_131072.txt,7,1.58227,CUDA_FFT_NOE.exe
53,64,numbers_131072.txt,8,1.43174,CUDA_FFT_NOE.exe
53,64,numbers_131072.txt,9,1.34749,CUDA_FFT_NOE.exe
53,64,numbers_131072.txt,10,1.36947,CUDA_FFT_NOE.exe
54,128,numbers_131072.txt,1,1.42381,CUDA_FFT_NOE.exe
54,128,numbers_131072.txt,2,1.32333,CUDA_FFT_NOE.exe
54,128,numbers_131072.txt,3,1.33171,CUDA_FFT_NOE.exe
54,128,numbers_131072.txt,4,1.33693,CUDA_FFT_NOE.exe
54,128,numbers_131072.txt,5,1.23878,CUDA_FFT_NOE.exe
54,128,numbers_131072.txt,6,1.2512,CUDA_FFT_NOE.exe
54,128,numbers_131072.txt,7,1.27811,CUDA_FFT_NOE.exe
54,128,numbers_131072.txt,8,1.29786,CUDA_FFT_NOE.exe
54,128,numbers_131072.txt,9,1.2415,CUDA_FFT_NOE.exe
54,128,numbers_131072.txt,10,1.80554,CUDA_FFT_NOE.exe
55,256,numbers_131072.txt,1,1.34755,CUDA_FFT_NOE.exe
55,256,numbers_131072.txt,2,1.24838,CUDA_FFT_NOE.exe
55,256,numbers_131072.txt,3,1.26093,CUDA_FFT_NOE.exe
55,256,numbers_131072.txt,4,1.24973,CUDA_FFT_NOE.exe
55,256,numbers_131072.txt,5,1.3232,CUDA_FFT_NOE.exe
55,256,numbers_131072.txt,6,1.26314,CUDA_FFT_NOE.exe
55,256,numbers_131072.txt,7,1.26803,CUDA_FFT_NOE.exe
55,256,numbers_131072.txt,8,1.30746,CUDA_FFT_NOE.exe
55,256,numbers_131072.txt,9,1.27136,CUDA_FFT_NOE.exe
55,256,numbers_131072.txt,10,1.25648,CUDA_FFT_NOE.exe
56,32,numbers_1048576.txt,1,7.69274,CUDA_FFT_NOE.exe
56,32,numbers_1048576.txt,2,7.76851,CUDA_FFT_NOE.exe
56,32,numbers_1048576.txt,3,8.03722,CUDA_FFT_NOE.exe
56,32,numbers_1048576.txt,4,7.74502,CUDA_FFT_NOE.exe
56,32,numbers_1048576.txt,5,7.6959,CUDA_FFT_NOE.exe
56,32,numbers_1048576.txt,6,7.94045,CUDA_FFT_NOE.exe
56,32,numbers_1048576.txt,7,7.74077,CUDA_FFT_NOE.exe
56,32,numbers_1048576.txt,8,9.21376,CUDA_FFT_NOE.exe
56,32,numbers_1048576.txt,9,7.76259,CUDA_FFT_NOE.exe
56,32,numbers_1048576.txt,10,7.70467,CUDA_FFT_NOE.exe
57,64,numbers_1048576.txt,1,7.7313,CUDA_FFT_NOE.exe
57,64,numbers_1048576.txt,2,7.77965,CUDA_FFT_NOE.exe
57,64,numbers_1048576.txt,3,8.6033,CUDA_FFT_NOE.exe
57,64,numbers_1048576.txt,4,7.77565,CUDA_FFT_NOE.exe
57,64,numbers_1048576.txt,5,9.37741,CUDA_FFT_NOE.exe
57,64,numbers_1048576.txt,6,7.81027,CUDA_FFT_NOE.exe
57,64,numbers_1048576.txt,7,9.03706,CUDA_FFT_NOE.exe
57,64,numbers_1048576.txt,8,7.76714,CUDA_FFT_NOE.exe
57,64,numbers_1048576.txt,9,7.82675,CUDA_FFT_NOE.exe
57,64,numbers_1048576.txt,10,8.19264,CUDA_FFT_NOE.exe
58,128,numbers_1048576.txt,1,6.77469,CUDA_FFT_NOE.exe
58,128,numbers_1048576.txt,2,6.69219,CUDA_FFT_NOE.exe
58,128,numbers_1048576.txt,3,7.90208,CUDA_FFT_NOE.exe
58,128,numbers_1048576.txt,4,6.93962,CUDA_FFT_NOE.exe
58,128,numbers_1048576.txt,5,6.76301,CUDA_FFT_NOE.exe
58,128,numbers_1048576.txt,6,8.45718,CUDA_FFT_NOE.exe
58,128,numbers_1048576.txt,7,6.77037,CUDA_FFT_NOE.exe
58,128,numbers_1048576.txt,8,6.85216,CUDA_FFT_NOE.exe
58,128,numbers_1048576.txt,9,7.92778,CUDA_FFT_NOE.exe
58,128,numbers_1048576.txt,10,6.98102,CUDA_FFT_NOE.exe
59,256,numbers_1048576.txt,1,7.79018,CUDA_FFT_NOE.exe
59,256,numbers_1048576.txt,2,8.9865,CUDA_FFT_NOE.exe
59,256,numbers_1048576.txt,3,7.78451,CUDA_FFT_NOE.exe
59,256,numbers_1048576.txt,4,8.14045,CUDA_FFT_NOE.exe
59,256,numbers_1048576.txt,5,7.90976,CUDA_FFT_NOE.exe
59,256,numbers_1048576.txt,6,7.76851,CUDA_FFT_NOE.exe
59,256,numbers_1048576.txt,7,9.78118,CUDA_FFT_NOE.exe
59,256,numbers_1048576.txt,8,7.78093,CUDA_FFT_NOE.exe
59,256,numbers_1048576.txt,9,9.40714,CUDA_FFT_NOE.exe
59,256,numbers_1048576.txt,10,7.76294,CUDA_FFT_NOE.exe
60,32,numbers_134217728.txt,1,879.867,CUDA_FFT_NOE.exe
60,32,numbers_134217728.txt,2,865.214,CUDA_FFT_NOE.exe
60,32,numbers_134217728.txt,3,864.082,CUDA_FFT_NOE.exe
60,32,numbers_134217728.txt,4,864.077,CUDA_FFT_NOE.exe
60,32,numbers_134217728.txt,5,864.534,CUDA_FFT_NOE.exe
60,32,numbers_134217728.txt,6,864.069,CUDA_FFT_NOE.exe
60,32,numbers_134217728.txt,7,864.657,CUDA_FFT_NOE.exe
60,32,numbers_134217728.txt,8,865.556,CUDA_FFT_NOE.exe
60,32,numbers_134217728.txt,9,865.146,CUDA_FFT_NOE.exe
60,32,numbers_134217728.txt,10,865.009,CUDA_FFT_NOE.exe
61,64,numbers_134217728.txt,1,862.063,CUDA_FFT_NOE.exe
61,64,numbers_134217728.txt,2,860.442,CUDA_FFT_NOE.exe
61,64,numbers_134217728.txt,3,861.524,CUDA_FFT_NOE.exe
61,64,numbers_134217728.txt,4,865.798,CUDA_FFT_NOE.exe
61,64,numbers_134217728.txt,5,866.51,CUDA_FFT_NOE.exe
61,64,numbers_134217728.txt,6,865.189,CUDA_FFT_NOE.exe
61,64,numbers_134217728.txt,7,864.656,CUDA_FFT_NOE.exe
61,64,numbers_134217728.txt,8,864.654,CUDA_FFT_NOE.exe
61,64,numbers_134217728.txt,9,865.635,CUDA_FFT_NOE.exe
61,64,numbers_134217728.txt,10,863.879,CUDA_FFT_NOE.exe
62,128,numbers_134217728.txt,1,866.521,CUDA_FFT_NOE.exe
62,128,numbers_134217728.txt,2,860.196,CUDA_FFT_NOE.exe
62,128,numbers_134217728.txt,3,860.234,CUDA_FFT_NOE.exe
62,128,numbers_134217728.txt,4,860.288,CUDA_FFT_NOE.exe
62,128,numbers_134217728.txt,5,861.092,CUDA_FFT_NOE.exe
62,128,numbers_134217728.txt,6,863.928,CUDA_FFT_NOE.exe
62,128,numbers_134217728.txt,7,865.18,CUDA_FFT_NOE.exe
62,128,numbers_134217728.txt,8,864.698,CUDA_FFT_NOE.exe
62,128,numbers_134217728.txt,9,865.333,CUDA_FFT_NOE.exe
62,128,numbers_134217728.txt,10,863.525,CUDA_FFT_NOE.exe
63,256,numbers_134217728.txt,1,863.033,CUDA_FFT_NOE.exe
63,256,numbers_134217728.txt,2,859.479,CUDA_FFT_NOE.exe
63,256,numbers_134217728.txt,3,859.169,CUDA_FFT_NOE.exe
63,256,numbers_134217728.txt,4,859.882,CUDA_FFT_NOE.exe
63,256,numbers_134217728.txt,5,861.714,CUDA_FFT_NOE.exe
63,256,numbers_134217728.txt,6,859.735,CUDA_FFT_NOE.exe
63,256,numbers_134217728.txt,7,860.44,CUDA_FFT_NOE.exe
63,256,numbers_134217728.txt,8,863.816,CUDA_FFT_NOE.exe
63,256,numbers_134217728.txt,9,863.742,CUDA_FFT_NOE.exe
63,256,numbers_134217728.txt,10,863.728,CUDA_FFT_NOE.exe
64,256,numbers_1024.txt,1,1.19549,CUDA_fft.exe
64,256,numbers_1024.txt,2,0.52736,CUDA_fft.exe
64,256,numbers_1024.txt,3,0.575072,CUDA_fft.exe
64,256,numbers_1024.txt,4,0.566816,CUDA_fft.exe
64,256,numbers_1024.txt,5,0.549408,CUDA_fft.exe
64,256,numbers_1024.txt,6,0.592992,CUDA_fft.exe
64,256,numbers_1024.txt,7,0.554816,CUDA_fft.exe
64,256,numbers_1024.txt,8,0.570112,CUDA_fft.exe
64,256,numbers_1024.txt,9,0.564032,CUDA_fft.exe
64,256,numbers_1024.txt,10,0.609632,CUDA_fft.exe
65,256,numbers_16384.txt,1,1.61507,CUDA_fft.exe
65,256,numbers_16384.txt,2,0.900256,CUDA_fft.exe
65,256,numbers_16384.txt,3,0.907168,CUDA_fft.exe
65,256,numbers_16384.txt,4,0.82512,CUDA_fft.exe
65,256,numbers_16384.txt,5,0.84192,CUDA_fft.exe
65,256,numbers_16384.txt,6,0.942272,CUDA_fft.exe
65,256,numbers_16384.txt,7,0.915328,CUDA_fft.exe
65,256,numbers_16384.txt,8,0.899392,CUDA_fft.exe
65,256,numbers_16384.txt,9,0.850496,CUDA_fft.exe
65,256,numbers_16384.txt,10,0.89616,CUDA_fft.exe
66,256,numbers_131072.txt,1,4.04371,CUDA_fft.exe
66,256,numbers_131072.txt,2,3.22512,CUDA_fft.exe
66,256,numbers_131072.txt,3,3.3481,CUDA_fft.exe
66,256,numbers_131072.txt,4,3.21709,CUDA_fft.exe
66,256,numbers_131072.txt,5,3.26016,CUDA_fft.exe
66,256,numbers_131072.txt,6,3.31594,CUDA_fft.exe
66,256,numbers_131072.txt,7,3.3279,CUDA_fft.exe
66,256,numbers_131072.txt,8,3.30326,CUDA_fft.exe
66,256,numbers_131072.txt,9,3.34256,CUDA_fft.exe
66,256,numbers_131072.txt,10,3.36707,CUDA_fft.exe
67,256,numbers_1048576.txt,1,25.1178,CUDA_fft.exe
67,256,numbers_1048576.txt,2,24.6557,CUDA_fft.exe
67,256,numbers_1048576.txt,3,24.8216,CUDA_fft.exe
67,256,numbers_1048576.txt,4,24.3991,CUDA_fft.exe
67,256,numbers_1048576.txt,5,25.0393,CUDA_fft.exe
67,256,numbers_1048576.txt,6,24.796,CUDA_fft.exe
67,256,numbers_1048576.txt,7,22.9289,CUDA_fft.exe
67,256,numbers_1048576.txt,8,22.0789,CUDA_fft.exe
67,256,numbers_1048576.txt,9,22.3567,CUDA_fft.exe
67,256,numbers_1048576.txt,10,22.2313,CUDA_fft.exe
68,256,numbers_1024.txt,1,0.280352,CUDA_FFT_NOE.exe
68,256,numbers_1024.txt,2,0.25488,CUDA_FFT_NOE.exe
68,256,numbers_1024.txt,3,0.247072,CUDA_FFT_NOE.exe
68,256,numbers_1024.txt,4,0.208224,CUDA_FFT_NOE.exe
68,256,numbers_1024.txt,5,0.223872,CUDA_FFT_NOE.exe
68,256,numbers_1024.txt,6,0.234784,CUDA_FFT_NOE.exe
68,256,numbers_1024.txt,7,0.243712,CUDA_FFT_NOE.exe
68,256,numbers_1024.txt,8,0.201888,CUDA_FFT_NOE.exe
68,256,numbers_1024.txt,9,0.21248,CUDA_FFT_NOE.exe
68,256,numbers_1024.txt,10,0.255488,CUDA_FFT_NOE.exe
69,256,numbers_16384.txt,1,0.48208,CUDA_FFT_NOE.exe
69,256,numbers_16384.txt,2,0.363424,CUDA_FFT_NOE.exe
69,256,numbers_16384.txt,3,0.39328,CUDA_FFT_NOE.exe
69,256,numbers_16384.txt,4,0.36784,CUDA_FFT_NOE.exe
69,256,numbers_16384.txt,5,0.44112,CUDA_FFT_NOE.exe
69,256,numbers_16384.txt,6,0.505664,CUDA_FFT_NOE.exe
69,256,numbers_16384.txt,7,0.34976,CUDA_FFT_NOE.exe
69,256,numbers_16384.txt,8,0.972,CUDA_FFT_NOE.exe
69,256,numbers_16384.txt,9,0.365024,CUDA_FFT_NOE.exe
69,256,numbers_16384.txt,10,0.355872,CUDA_FFT_NOE.exe
70,256,numbers_131072.txt,1,1.4631,CUDA_FFT_NOE.exe
70,256,numbers_131072.txt,2,1.32362,CUDA_FFT_NOE.exe
70,256,numbers_131072.txt,3,1.39389,CUDA_FFT_NOE.exe
70,256,numbers_131072.txt,4,1.34195,CUDA_FFT_NOE.exe
70,256,numbers_131072.txt,5,1.2696,CUDA_FFT_NOE.exe
70,256,numbers_131072.txt,6,1.26006,CUDA_FFT_NOE.exe
70,256,numbers_131072.txt,7,1.25107,CUDA_FFT_NOE.exe
70,256,numbers_131072.txt,8,1.2377,CUDA_FFT_NOE.exe
70,256,numbers_131072.txt,9,1.25318,CUDA_FFT_NOE.exe
70,256,numbers_131072.txt,10,1.29914,CUDA_FFT_NOE.exe
71,256,numbers_1048576.txt,1,7.52605,CUDA_FFT_NOE.exe
71,256,numbers_1048576.txt,2,7.48506,CUDA_FFT_NOE.exe
71,256,numbers_1048576.txt,3,7.4825,CUDA_FFT_NOE.exe
71,256,numbers_1048576.txt,4,7.50096,CUDA_FFT_NOE.exe
71,256,numbers_1048576.txt,5,7.47066,CUDA_FFT_NOE.exe
71,256,numbers_1048576.txt,6,7.63066,CUDA_FFT_NOE.exe
71,256,numbers_1048576.txt,7,7.44432,CUDA_FFT_NOE.exe
71,256,numbers_1048576.txt,8,7.51005,CUDA_FFT_NOE.exe
71,256,numbers_1048576.txt,9,7.76934,CUDA_FFT_NOE.exe
71,256,numbers_1048576.txt,10,7.4809,CUDA_FFT_NOE.exe
72,256,numbers_1024.txt,1,0.252672,CUDA_FFT_NOE.exe
72,256,numbers_1024.txt,2,0.241056,CUDA_FFT_NOE.exe
72,256,numbers_1024.txt,3,0.219168,CUDA_FFT_NOE.exe
72,256,numbers_1024.txt,4,0.237632,CUDA_FFT_NOE.exe
72,256,numbers_1024.txt,5,0.693344,CUDA_FFT_NOE.exe
72,256,numbers_1024.txt,6,0.218272,CUDA_FFT_NOE.exe
72,256,numbers_1024.txt,7,0.206144,CUDA_FFT_NOE.exe
72,256,numbers_1024.txt,8,0.243136,CUDA_FFT_NOE.exe
72,256,numbers_1024.txt,9,0.247264,CUDA_FFT_NOE.exe
72,256,numbers_1024.txt,10,0.20512,CUDA_FFT_NOE.exe
73,256,numbers_16384.txt,1,0.465024,CUDA_FFT_NOE.exe
73,256,numbers_16384.txt,2,0.355424,CUDA_FFT_NOE.exe
73,256,numbers_16384.txt,3,0.368,CUDA_FFT_NOE.exe
73,256,numbers_16384.txt,4,0.400512,CUDA_FFT_NOE.exe
73,256,numbers_16384.txt,5,0.35696,CUDA_FFT_NOE.exe
73,256,numbers_16384.txt,6,0.370944,CUDA_FFT_NOE.exe
73,256,numbers_16384.txt,7,0.401472,CUDA_FFT_NOE.exe
73,256,numbers_16384.txt,8,0.371264,CUDA_FFT_NOE.exe
73,256,numbers_16384.txt,9,0.366848,CUDA_FFT_NOE.exe
73,256,numbers_16384.txt,10,0.356384,CUDA_FFT_NOE.exe
74,256,numbers_131072.txt,1,1.42221,CUDA_FFT_NOE.exe
74,256,numbers_131072.txt,2,1.28778,CUDA_FFT_NOE.exe
74,256,numbers_131072.txt,3,1.24118,CUDA_FFT_NOE.exe
74,256,numbers_131072.txt,4,1.3489,CUDA_FFT_NOE.exe
74,256,numbers_131072.txt,5,1.22467,CUDA_FFT_NOE.exe
74,256,numbers_131072.txt,6,1.22454,CUDA_FFT_NOE.exe
74,256,numbers_131072.txt,7,1.27997,CUDA_FFT_NOE.exe
74,256,numbers_131072.txt,8,1.27654,CUDA_FFT_NOE.exe
74,256,numbers_131072.txt,9,1.25213,CUDA_FFT_NOE.exe
74,256,numbers_131072.txt,10,1.23533,CUDA_FFT_NOE.exe
75,256,numbers_1048576.txt,1,7.61011,CUDA_FFT_NOE.exe
75,256,numbers_1048576.txt,2,7.55248,CUDA_FFT_NOE.exe
75,256,numbers_1048576.txt,3,7.48874,CUDA_FFT_NOE.exe
75,256,numbers_1048576.txt,4,7.58381,CUDA_FFT_NOE.exe
75,256,numbers_1048576.txt,5,7.68624,CUDA_FFT_NOE.exe
75,256,numbers_1048576.txt,6,7.8095,CUDA_FFT_NOE.exe
75,256,numbers_1048576.txt,7,7.58403,CUDA_FFT_NOE.exe
75,256,numbers_1048576.txt,8,7.63408,CUDA_FFT_NOE.exe
75,256,numbers_1048576.txt,9,7.50995,CUDA_FFT_NOE.exe
75,256,numbers_1048576.txt,10,7.60742,CUDA_FFT_NOE.exe
76,128,numbers_1024.txt,1,0.295552,CUDA_FFT_NOE.exe
76,128,numbers_1024.txt,2,0.224128,CUDA_FFT_NOE.exe
76,128,numbers_1024.txt,3,0.200992,CUDA_FFT_NOE.exe
76,128,numbers_1024.txt,4,0.204384,CUDA_FFT_NOE.exe
76,128,numbers_1024.txt,5,0.239232,CUDA_FFT_NOE.exe
76,128,numbers_1024.txt,6,0.198656,CUDA_FFT_NOE.exe
76,128,numbers_1024.txt,7,0.199584,CUDA_FFT_NOE.exe
76,128,numbers_1024.txt,8,0.25232,CUDA_FFT_NOE.exe
76,128,numbers_1024.txt,9,0.265344,CUDA_FFT_NOE.exe
76,128,numbers_1024.txt,10,0.206592,CUDA_FFT_NOE.exe
77,128,numbers_16384.txt,1,0.518912,CUDA_FFT_NOE.exe
77,128,numbers_16384.txt,2,0.34624,CUDA_FFT_NOE.exe
77,128,numbers_16384.txt,3,0.342944,CUDA_FFT_NOE.exe
77,128,numbers_16384.txt,4,0.370944,CUDA_FFT_NOE.exe
77,128,numbers_16384.txt,5,0.345376,CUDA_FFT_NOE.exe
77,128,numbers_16384.txt,6,0.3848,CUDA_FFT_NOE.exe
77,128,numbers_16384.txt,7,0.345312,CUDA_FFT_NOE.exe
77,128,numbers_16384.txt,8,0.356544,CUDA_FFT_NOE.exe
77,128,numbers_16384.txt,9,0.354528,CUDA_FFT_NOE.exe
77,128,numbers_16384.txt,10,0.34192,CUDA_FFT_NOE.exe
78,128,numbers_131072.txt,1,1.43094,CUDA_FFT_NOE.exe
78,128,numbers_131072.txt,2,1.2632,CUDA_FFT_NOE.exe
78,128,numbers_131072.txt,3,1.27334,CUDA_FFT_NOE.exe
78,128,numbers_131072.txt,4,1.27174,CUDA_FFT_NOE.exe
78,128,numbers_131072.txt,5,1.2793,CUDA_FFT_NOE.exe
78,128,numbers_131072.txt,6,1.32557,CUDA_FFT_NOE.exe
78,128,numbers_131072.txt,7,1.38086,CUDA_FFT_NOE.exe
78,128,numbers_131072.txt,8,1.32787,CUDA_FFT_NOE.exe
78,128,numbers_131072.txt,9,1.32992,CUDA_FFT_NOE.exe
78,128,numbers_131072.txt,10,1.32848,CUDA_FFT_NOE.exe
79,128,numbers_1048576.txt,1,7.57203,CUDA_FFT_NOE.exe
79,128,numbers_1048576.txt,2,7.51462,CUDA_FFT_NOE.exe
79,128,numbers_1048576.txt,3,7.52566,CUDA_FFT_NOE.exe
79,128,numbers_1048576.txt,4,7.53107,CUDA_FFT_NOE.exe
79,128,numbers_1048576.txt,5,7.57184,CUDA_FFT_NOE.exe
79,128,numbers_1048576.txt,6,7.61053,CUDA_FFT_NOE.exe
79,128,numbers_1048576.txt,7,7.55328,CUDA_FFT_NOE.exe
79,128,numbers_1048576.txt,8,7.5273,CUDA_FFT_NOE.exe
79,128,numbers_1048576.txt,9,7.55808,CUDA_FFT_NOE.exe
79,128,numbers_1048576.txt,10,7.51994,CUDA_FFT_NOE.exe
80,64,numbers_1024.txt,1,1.22813,CUDA_fft.exe
80,64,numbers_1024.txt,2,0.579552,CUDA_fft.exe
80,64,numbers_1024.txt,3,0.54624,CUDA_fft.exe
80,64,numbers_1024.txt,4,0.557984,CUDA_fft.exe
80,64,numbers_1024.txt,5,0.572192,CUDA_fft.exe
80,64,numbers_1024.txt,6,0.5768,CUDA_fft.exe
80,64,numbers_1024.txt,7,0.581792,CUDA_fft.exe
80,64,numbers_1024.txt,8,0.606528,CUDA_fft.exe
80,64,numbers_1024.txt,9,0.57936,CUDA_fft.exe
80,64,numbers_1024.txt,10,0.567584,CUDA_fft.exe
81,64,numbers_1024.txt,1,1.3447,CUDA_fft.exe
81,64,numbers_1024.txt,2,0.639392,CUDA_fft.exe
81,64,numbers_1024.txt,3,0.604512,CUDA_fft.exe
81,64,numbers_1024.txt,4,0.618656,CUDA_fft.exe
81,64,numbers_1024.txt,5,0.5416,CUDA_fft.exe
81,64,numbers_1024.txt,6,0.554816,CUDA_fft.exe
81,64,numbers_1024.txt,7,0.5968,CUDA_fft.exe
81,64,numbers_1024.txt,8,0.611584,CUDA_fft.exe
81,64,numbers_1024.txt,9,0.633824,CUDA_fft.exe
81,64,numbers_1024.txt,10,1.04762,CUDA_fft.exe
82,,numbers_1024.txt,1,6.94208,CUDA_cuFFT.exe
82,,numbers_1024.txt,2,0.77568,CUDA_cuFFT.exe
82,,numbers_1024.txt,3,0.780096,CUDA_cuFFT.exe
82,,numbers_1024.txt,4,0.72464,CUDA_cuFFT.exe
82,,numbers_1024.txt,5,0.727456,CUDA_cuFFT.exe
82,,numbers_1024.txt,6,0.970304,CUDA_cuFFT.exe
82,,numbers_1024.txt,7,0.786944,CUDA_cuFFT.exe
82,,numbers_1024.txt,8,0.867488,CUDA_cuFFT.exe
82,,numbers_1024.txt,9,0.795296,CUDA_cuFFT.exe
82,,numbers_1024.txt,10,0.949728,CUDA_cuFFT.exe
83,,numbers_1024.txt,1,2.83165,CUDA_cuFFT.exe
83,,numbers_1024.txt,2,0.839008,CUDA_cuFFT.exe
83,,numbers_1024.txt,3,0.725024,CUDA_cuFFT.exe
83,,numbers_1024.txt,4,0.746336,CUDA_cuFFT.exe
83,,numbers_1024.txt,5,0.716384,CUDA_cuFFT.exe
83,,numbers_1024.txt,6,0.77296,CUDA_cuFFT.exe
83,,numbers_1024.txt,7,0.698976,CUDA_cuFFT.exe
83,,numbers_1024.txt,8,0.703424,CUDA_cuFFT.exe
83,,numbers_1024.txt,9,0.700064,CUDA_cuFFT.exe
83,,numbers_1024.txt,10,0.7976,CUDA_cuFFT.exe
84,,numbers_1024.txt,1,2.98307,CUDA_cuFFT.exe
84,,numbers_1024.txt,2,0.823968,CUDA_cuFFT.exe
84,,numbers_1024.txt,3,0.821568,CUDA_cuFFT.exe
84,,numbers_1024.txt,4,0.750112,CUDA_cuFFT.exe
84,,numbers_1024.txt,5,0.707104,CUDA_cuFFT.exe
84,,numbers_1024.txt,6,0.790624,CUDA_cuFFT.exe
84,,numbers_1024.txt,7,0.707008,CUDA_cuFFT.exe
84,,numbers_1024.txt,8,0.8272,CUDA_cuFFT.exe
84,,numbers_1024.txt,9,0.691392,CUDA_cuFFT.exe
84,,numbers_1024.txt,10,0.705632,CUDA_cuFFT.exe
85,,numbers_1024.txt,1,2.86922,CUDA_cuFFT.exe
85,,numbers_1024.txt,2,0.818784,CUDA_cuFFT.exe
85,,numbers_1024.txt,3,1.36131,CUDA_cuFFT.exe
85,,numbers_1024.txt,4,0.70816,CUDA_cuFFT.exe
85,,numbers_1024.txt,5,0.72,CUDA_cuFFT.exe
85,,numbers_1024.txt,6,0.697088,CUDA_cuFFT.exe
85,,numbers_1024.txt,7,0.701472,CUDA_cuFFT.exe
85,,numbers_1024.txt,8,0.748864,CUDA_cuFFT.exe
85,,numbers_1024.txt,9,1.43763,CUDA_cuFFT.exe
85,,numbers_1024.txt,10,0.73088,CUDA_cuFFT.exe
86,,numbers_1024.txt,1,2.8753,CUDA_cuFFT.exe
86,,numbers_1024.txt,2,0.915392,CUDA_cuFFT.exe
86,,numbers_1024.txt,3,1.96278,CUDA_cuFFT.exe
86,,numbers_1024.txt,4,0.973088,CUDA_cuFFT.exe
86,,numbers_1024.txt,5,1.03846,CUDA_cuFFT.exe
86,,numbers_1024.txt,6,0.984352,CUDA_cuFFT.exe
86,,numbers_1024.txt,7,0.811104,CUDA_cuFFT.exe
86,,numbers_1024.txt,8,0.980064,CUDA_cuFFT.exe
86,,numbers_1024.txt,9,0.761248,CUDA_cuFFT.exe
86,,numbers_1024.txt,10,0.80064,CUDA_cuFFT.exe
87,,numbers_1024.txt,1,3.26416,CUDA_cuFFT.exe
87,,numbers_1024.txt,2,0.924736,CUDA_cuFFT.exe
87,,numbers_1024.txt,3,0.767712,CUDA_cuFFT.exe
87,,numbers_1024.txt,4,1.27462,CUDA_cuFFT.exe
87,,numbers_1024.txt,5,0.917792,CUDA_cuFFT.exe
87,,numbers_1024.txt,6,0.843296,CUDA_cuFFT.exe
87,,numbers_1024.txt,7,0.797056,CUDA_cuFFT.exe
87,,numbers_1024.txt,8,0.837792,CUDA_cuFFT.exe
87,,numbers_1024.txt,9,1.69347,CUDA_cuFFT.exe
87,,numbers_1024.txt,10,0.872,CUDA_cuFFT.exe
88,,numbers_1024.txt,1,2.98886,CUDA_cuFFT.exe
88,,numbers_1024.txt,2,0.80912,CUDA_cuFFT.exe
88,,numbers_1024.txt,3,0.833536,CUDA_cuFFT.exe
88,,numbers_1024.txt,4,0.767808,CUDA_cuFFT.exe
88,,numbers_1024.txt,5,0.762528,CUDA_cuFFT.exe
88,,numbers_1024.txt,6,0.755488,CUDA_cuFFT.exe
88,,numbers_1024.txt,7,0.766592,CUDA_cuFFT.exe
88,,numbers_1024.txt,8,0.70896,CUDA_cuFFT.exe
88,,numbers_1024.txt,9,0.748032,CUDA_cuFFT.exe
88,,numbers_1024.txt,10,0.791616,CUDA_cuFFT.exe
89,,numbers_1024.txt,1,4.70822,CUDA_cuFFT.exe
89,,numbers_1024.txt,2,0.880064,CUDA_cuFFT.exe
89,,numbers_1024.txt,3,0.775456,CUDA_cuFFT.exe
89,,numbers_1024.txt,4,0.847232,CUDA_cuFFT.exe
89,,numbers_1024.txt,5,0.816544,CUDA_cuFFT.exe
89,,numbers_1024.txt,6,0.7888,CUDA_cuFFT.exe
89,,numbers_1024.txt,7,0.78784,CUDA_cuFFT.exe
89,,numbers_1024.txt,8,0.83824,CUDA_cuFFT.exe
89,,numbers_1024.txt,9,0.790272,CUDA_cuFFT.exe
89,,numbers_1024.txt,10,0.797632,CUDA_cuFFT.exe
90,,numbers_1024.txt,1,2.94467,CUDA_cuFFT.exe
90,,numbers_1024.txt,2,0.851392,CUDA_cuFFT.exe
90,,numbers_1024.txt,3,0.729504,CUDA_cuFFT.exe
90,,numbers_1024.txt,4,0.744096,CUDA_cuFFT.exe
90,,numbers_1024.txt,5,0.973728,CUDA_cuFFT.exe
90,,numbers_1024.txt,6,0.751808,CUDA_cuFFT.exe
90,,numbers_1024.txt,7,0.725856,CUDA_cuFFT.exe
90,,numbers_1024.txt,8,0.718368,CUDA_cuFFT.exe
90,,numbers_1024.txt,9,0.721568,CUDA_cuFFT.exe
90,,numbers_1024.txt,10,0.72688,CUDA_cuFFT.exe
91,64,numbers_1024.txt,1,1.26422,CUDA_fft.exe
91,64,numbers_1024.txt,2,0.597184,CUDA_fft.exe
91,64,numbers_1024.txt,3,0.605408,CUDA_fft.exe
91,64,numbers_1024.txt,4,0.58368,CUDA_fft.exe
91,64,numbers_1024.txt,5,0.5408,CUDA_fft.exe
91,64,numbers_1024.txt,6,0.563968,CUDA_fft.exe
91,64,numbers_1024.txt,7,0.61008,CUDA_fft.exe
91,64,numbers_1024.txt,8,0.551328,CUDA_fft.exe
91,64,numbers_1024.txt,9,1.15782,CUDA_fft.exe
91,64,numbers_1024.txt,10,0.507264,CUDA_fft.exe
92,32,numbers_1024.txt,1,3.26531,CUDA_dft.exe
92,32,numbers_1024.txt,2,2.63629,CUDA_dft.exe
92,32,numbers_1024.txt,3,2.63098,CUDA_dft.exe
92,32,numbers_1024.txt,4,2.61693,CUDA_dft.exe
92,32,numbers_1024.txt,5,2.63664,CUDA_dft.exe
92,32,numbers_1024.txt,6,2.65984,CUDA_dft.exe
92,32,numbers_1024.txt,7,2.63699,CUDA_dft.exe
92,32,numbers_1024.txt,8,2.63325,CUDA_dft.exe
92,32,numbers_1024.txt,9,2.6479,CUDA_dft.exe
92,32,numbers_1024.txt,10,2.63216,CUDA_dft.exe
93,64,numbers_1024.txt,1,3.16544,CUDA_dft.exe
93,64,numbers_1024.txt,2,2.61542,CUDA_dft.exe
93,64,numbers_1024.txt,3,2.63718,CUDA_dft.exe
93,64,numbers_1024.txt,4,2.78678,CUDA_dft.exe
93,64,numbers_1024.txt,5,2.62256,CUDA_dft.exe
93,64,numbers_1024.txt,6,2.64202,CUDA_dft.exe
93,64,numbers_1024.txt,7,2.6225,CUDA_dft.exe
93,64,numbers_1024.txt,8,2.6417,CUDA_dft.exe
93,64,numbers_1024.txt,9,2.63146,CUDA_dft.exe
93,64,numbers_1024.txt,10,2.6263,CUDA_dft.exe
94,128,numbers_1024.txt,1,3.99824,CUDA_dft.exe
94,128,numbers_1024.txt,2,3.45814,CUDA_dft.exe
94,128,numbers_1024.txt,3,3.43312,CUDA_dft.exe
94,128,numbers_1024.txt,4,3.52368,CUDA_dft.exe
94,128,numbers_1024.txt,5,3.46675,CUDA_dft.exe
94,128,numbers_1024.txt,6,3.45526,CUDA_dft.exe
94,128,numbers_1024.txt,7,3.46256,CUDA_dft.exe
94,128,numbers_1024.txt,8,3.48128,CUDA_dft.exe
94,128,numbers_1024.txt,9,3.48403,CUDA_dft.exe
94,128,numbers_1024.txt,10,3.48931,CUDA_dft.exe
95,256,numbers_1024.txt,1,6.46966,CUDA_dft.exe
95,256,numbers_1024.txt,2,5.92352,CUDA_dft.exe
95,256,numbers_1024.txt,3,5.90838,CUDA_dft.exe
95,256,numbers_1024.txt,4,5.92346,CUDA_dft.exe
95,256,numbers_1024.txt,5,5.87018,CUDA_dft.exe
95,256,numbers_1024.txt,6,5.87923,CUDA_dft.exe
95,256,numbers_1024.txt,7,5.92541,CUDA_dft.exe
95,256,numbers_1024.txt,8,5.91341,CUDA_dft.exe
95,256,numbers_1024.txt,9,5.9255,CUDA_dft.exe
95,256,numbers_1024.txt,10,5.98403,CUDA_dft.exe
96,32,numbers_16384.txt,1,281.891,CUDA_dft.exe
96,32,numbers_16384.txt,2,252.866,CUDA_dft.exe
96,32,numbers_16384.txt,3,254.134,CUDA_dft.exe
96,32,numbers_16384.txt,4,254.884,CUDA_dft.exe
96,32,numbers_16384.txt,5,255.708,CUDA_dft.exe
96,32,numbers_16384.txt,6,256.021,CUDA_dft.exe
96,32,numbers_16384.txt,7,255.364,CUDA_dft.exe
96,32,numbers_16384.txt,8,254.742,CUDA_dft.exe
96,32,numbers_16384.txt,9,254.889,CUDA_dft.exe
96,32,numbers_16384.txt,10,254.977,CUDA_dft.exe
97,64,numbers_16384.txt,1,255.052,CUDA_dft.exe
97,64,numbers_16384.txt,2,254.854,CUDA_dft.exe
97,64,numbers_16384.txt,3,255.961,CUDA_dft.exe
97,64,numbers_16384.txt,4,255.172,CUDA_dft.exe
97,64,numbers_16384.txt,5,254.936,CUDA_dft.exe
97,64,numbers_16384.txt,6,255.039,CUDA_dft.exe
97,64,numbers_16384.txt,7,254.721,CUDA_dft.exe
97,64,numbers_16384.txt,8,254.63,CUDA_dft.exe
97,64,numbers_16384.txt,9,254.751,CUDA_dft.exe
97,64,numbers_16384.txt,10,254.787,CUDA_dft.exe
98,128,numbers_16384.txt,1,255.402,CUDA_dft.exe
98,128,numbers_16384.txt,2,255.131,CUDA_dft.exe
98,128,numbers_16384.txt,3,255.155,CUDA_dft.exe
98,128,numbers_16384.txt,4,254.935,CUDA_dft.exe
98,128,numbers_16384.txt,5,255.121,CUDA_dft.exe
98,128,numbers_16384.txt,6,255.912,CUDA_dft.exe
98,128,numbers_16384.txt,7,254.841,CUDA_dft.exe
98,128,numbers_16384.txt,8,255.124,CUDA_dft.exe
98,128,numbers_16384.txt,9,254.949,CUDA_dft.exe
98,128,numbers_16384.txt,10,254.974,CUDA_dft.exe
99,256,numbers_16384.txt,1,254.204,CUDA_dft.exe
99,256,numbers_16384.txt,2,254.291,CUDA_dft.exe
99,256,numbers_16384.txt,3,254.099,CUDA_dft.exe
99,256,numbers_16384.txt,4,254.256,CUDA_dft.exe
99,256,numbers_16384.txt,5,253.845,CUDA_dft.exe
99,256,numbers_16384.txt,6,254.226,CUDA_dft.exe
99,256,numbers_16384.txt,7,254.528,CUDA_dft.exe
99,256,numbers_16384.txt,8,254.088,CUDA_dft.exe
99,256,numbers_16384.txt,9,253.781,CUDA_dft.exe
99,256,numbers_16384.txt,10,253.907,CUDA_dft.exe
100,32,numbers_131072.txt,1,15961.1,CUDA_dft.exe
100,32,numbers_131072.txt,2,15896.3,CUDA_dft.exe
100,32,numbers_131072.txt,3,15978.4,CUDA_dft.exe
100,32,numbers_131072.txt,4,16021.3,CUDA_dft.exe
100,32,numbers_131072.txt,5,16022.2,CUDA_dft.exe
100,32,numbers_131072.txt,6,16020.1,CUDA_dft.exe
100,32,numbers_131072.txt,7,16021.3,CUDA_dft.exe
100,32,numbers_131072.txt,8,16022.1,CUDA_dft.exe
100,32,numbers_131072.txt,9,16021.9,CUDA_dft.exe
100,32,numbers_131072.txt,10,16024.6,CUDA_dft.exe
101,64,numbers_131072.txt,1,16033.5,CUDA_dft.exe
101,64,numbers_131072.txt,2,16031.5,CUDA_dft.exe
101,64,numbers_131072.txt,3,16036.8,CUDA_dft.exe
101,64,numbers_131072.txt,4,16032.5,CUDA_dft.exe
101,64,numbers_131072.txt,5,16083.2,CUDA_dft.exe
101,64,numbers_131072.txt,6,16094.0,CUDA_dft.exe
101,64,numbers_131072.txt,7,16095.2,CUDA_dft.exe
101,64,numbers_131072.txt,8,16095.2,CUDA_dft.exe
101,64,numbers_131072.txt,9,16096.2,CUDA_dft.exe
101,64,numbers_131072.txt,10,16095.1,CUDA_dft.exe
102,128,numbers_131072.txt,1,16093.1,CUDA_dft.exe
102,128,numbers_131072.txt,2,16087.9,CUDA_dft.exe
102,128,numbers_131072.txt,3,16087.1,CUDA_dft.exe
102,128,numbers_131072.txt,4,16090.3,CUDA_dft.exe
102,128,numbers_131072.txt,5,16089.9,CUDA_dft.exe
102,128,numbers_131072.txt,6,16088.7,CUDA_dft.exe
102,128,numbers_131072.txt,7,16088.0,CUDA_dft.exe
102,128,numbers_131072.txt,8,16088.5,CUDA_dft.exe
102,128,numbers_131072.txt,9,16088.6,CUDA_dft.exe
102,128,numbers_131072.txt,10,16088.1,CUDA_dft.exe
103,256,numbers_131072.txt,1,16078.8,CUDA_dft.exe
103,256,numbers_131072.txt,2,16074.7,CUDA_dft.exe
103,256,numbers_131072.txt,3,16075.1,CUDA_dft.exe
103,256,numbers_131072.txt,4,16074.3,CUDA_dft.exe
103,256,numbers_131072.txt,5,16070.2,CUDA_dft.exe
103,256,numbers_131072.txt,6,16071.0,CUDA_dft.exe
103,256,numbers_131072.txt,7,16073.0,CUDA_dft.exe
103,256,numbers_131072.txt,8,16072.7,CUDA_dft.exe
103,256,numbers_131072.txt,9,16077.0,CUDA_dft.exe
103,256,numbers_131072.txt,10,16070.9,CUDA_dft.exe
104,32,numbers_262144.txt,1,64342.9,CUDA_dft.exe
104,32,numbers_262144.txt,2,64340.7,CUDA_dft.exe
104,32,numbers_262144.txt,3,64345.4,CUDA_dft.exe
104,32,numbers_262144.txt,4,64343.5,CUDA_dft.exe
104,32,numbers_262144.txt,5,64340.9,CUDA_dft.exe
104,32,numbers_262144.txt,6,64343.8,CUDA_dft.exe
104,32,numbers_262144.txt,7,64340.7,CUDA_dft.exe
104,32,numbers_262144.txt,8,64335.1,CUDA_dft.exe
104,32,numbers_262144.txt,9,64333.9,CUDA_dft.exe
104,32,numbers_262144.txt,10,64332.4,CUDA_dft.exe
105,64,numbers_262144.txt,1,64358.7,CUDA_dft.exe
105,64,numbers_262144.txt,2,64363.7,CUDA_dft.exe
105,64,numbers_262144.txt,3,64366.7,CUDA_dft.exe
105,64,numbers_262144.txt,4,64381.2,CUDA_dft.exe
105,64,numbers_262144.txt,5,64375.8,CUDA_dft.exe
105,64,numbers_262144.txt,6,64372.6,CUDA_dft.exe
105,64,numbers_262144.txt,7,64373.1,CUDA_dft.exe
105,64,numbers_262144.txt,8,64379.6,CUDA_dft.exe
105,64,numbers_262144.txt,9,64376.8,CUDA_dft.exe
105,64,numbers_262144.txt,10,64384.0,CUDA_dft.exe
106,128,numbers_262144.txt,1,64363.3,CUDA_dft.exe
106,128,numbers_262144.txt,2,64350.6,CUDA_dft.exe
106,128,numbers_262144.txt,3,64356.8,CUDA_dft.exe
106,128,numbers_262144.txt,4,64351.8,CUDA_dft.exe
106,128,numbers_262144.txt,5,64373.0,CUDA_dft.exe
106,128,numbers_262144.txt,6,64367.5,CUDA_dft.exe
106,128,numbers_262144.txt,7,64364.9,CUDA_dft.exe
106,128,numbers_262144.txt,8,64365.0,CUDA_dft.exe
106,128,numbers_262144.txt,9,64358.0,CUDA_dft.exe
106,128,numbers_262144.txt,10,64351.7,CUDA_dft.exe
107,256,numbers_262144.txt,1,64303.4,CUDA_dft.exe
107,256,numbers_262144.txt,2,64294.7,CUDA_dft.exe
107,256,numbers_262144.txt,3,64298.0,CUDA_dft.exe
107,256,numbers_262144.txt,4,64302.9,CUDA_dft.exe
107,256,numbers_262144.txt,5,64292.9,CUDA_dft.exe
107,256,numbers_262144.txt,6,64290.0,CUDA_dft.exe
107,256,numbers_262144.txt,7,64289.5,CUDA_dft.exe
107,256,numbers_262144.txt,8,64313.9,CUDA_dft.exe
107,256,numbers_262144.txt,9,64304.8,CUDA_dft.exe
107,256,numbers_262144.txt,10,64290.1,CUDA_dft.exe
108,,numbers_262144.txt,1,5.55862,CUDA_cuFFT.exe
108,,numbers_262144.txt,2,3.09955,CUDA_cuFFT.exe
108,,numbers_262144.txt,3,3.04848,CUDA_cuFFT.exe
108,,numbers_262144.txt,4,3.05114,CUDA_cuFFT.exe
108,,numbers_262144.txt,5,3.1025,CUDA_cuFFT.exe
108,,numbers_262144.txt,6,3.01651,CUDA_cuFFT.exe
108,,numbers_262144.txt,7,3.00826,CUDA_cuFFT.exe
108,,numbers_262144.txt,8,2.96179,CUDA_cuFFT.exe
108,,numbers_262144.txt,9,3.04723,CUDA_cuFFT.exe
108,,numbers_262144.txt,10,2.97766,CUDA_cuFFT.exe
109,,numbers_262144.txt,1,5.09632,CUDA_cuFFT.exe
109,,numbers_262144.txt,2,3.10362,CUDA_cuFFT.exe
109,,numbers_262144.txt,3,3.12474,CUDA_cuFFT.exe
109,,numbers_262144.txt,4,3.07558,CUDA_cuFFT.exe
109,,numbers_262144.txt,5,3.06493,CUDA_cuFFT.exe
109,,numbers_262144.txt,6,3.12474,CUDA_cuFFT.exe
109,,numbers_262144.txt,7,3.05309,CUDA_cuFFT.exe
109,,numbers_262144.txt,8,3.08419,CUDA_cuFFT.exe
109,,numbers_262144.txt,9,3.04272,CUDA_cuFFT.exe
109,,numbers_262144.txt,10,3.00886,CUDA_cuFFT.exe
110,,numbers_262144.txt,1,4.99216,CUDA_cuFFT.exe
110,,numbers_262144.txt,2,3.01907,CUDA_cuFFT.exe
110,,numbers_262144.txt,3,3.02976,CUDA_cuFFT.exe
110,,numbers_262144.txt,4,3.06422,CUDA_cuFFT.exe
110,,numbers_262144.txt,5,3.03606,CUDA_cuFFT.exe
110,,numbers_262144.txt,6,3.12301,CUDA_cuFFT.exe
110,,numbers_262144.txt,7,3.11766,CUDA_cuFFT.exe
110,,numbers_262144.txt,8,2.99392,CUDA_cuFFT.exe
110,,numbers_262144.txt,9,2.99203,CUDA_cuFFT.exe
110,,numbers_262144.txt,10,3.10342,CUDA_cuFFT.exe
111,,numbers_262144.txt,1,4.96496,CUDA_cuFFT.exe
111,,numbers_262144.txt,2,3.12374,CUDA_cuFFT.exe
111,,numbers_262144.txt,3,3.07706,CUDA_cuFFT.exe
111,,numbers_262144.txt,4,3.08064,CUDA_cuFFT.exe
111,,numbers_262144.txt,5,3.08141,CUDA_cuFFT.exe
111,,numbers_262144.txt,6,3.08755,CUDA_cuFFT.exe
111,,numbers_262144.txt,7,3.69456,CUDA_cuFFT.exe
111,,numbers_262144.txt,8,3.06592,CUDA_cuFFT.exe
111,,numbers_262144.txt,9,3.0025,CUDA_cuFFT.exe
111,,numbers_262144.txt,10,2.99642,CUDA_cuFFT.exe
112,32,numbers_262144.txt,1,6.94352,CUDA_fft.exe
112,32,numbers_262144.txt,2,6.09798,CUDA_fft.exe
112,32,numbers_262144.txt,3,6.02314,CUDA_fft.exe
112,32,numbers_262144.txt,4,6.43379,CUDA_fft.exe
112,32,numbers_262144.txt,5,6.14464,CUDA_fft.exe
112,32,numbers_262144.txt,6,6.31302,CUDA_fft.exe
112,32,numbers_262144.txt,7,6.4689,CUDA_fft.exe
112,32,numbers_262144.txt,8,6.15098,CUDA_fft.exe
112,32,numbers_262144.txt,9,5.83357,CUDA_fft.exe
112,32,numbers_262144.txt,10,5.86365,CUDA_fft.exe
113,64,numbers_262144.txt,1,6.88768,CUDA_fft.exe
113,64,numbers_262144.txt,2,6.07894,CUDA_fft.exe
113,64,numbers_262144.txt,3,6.00262,CUDA_fft.exe
113,64,numbers_262144.txt,4,6.05194,CUDA_fft.exe
113,64,numbers_262144.txt,5,6.30355,CUDA_fft.exe
113,64,numbers_262144.txt,6,5.95594,CUDA_fft.exe
113,64,numbers_262144.txt,7,6.00861,CUDA_fft.exe
113,64,numbers_262144.txt,8,5.79309,CUDA_fft.exe
113,64,numbers_262144.txt,9,6.22826,CUDA_fft.exe
113,64,numbers_262144.txt,10,5.93248,CUDA_fft.exe
114,128,numbers_262144.txt,1,6.81965,CUDA_fft.exe
114,128,numbers_262144.txt,2,5.91174,CUDA_fft.exe
114,128,numbers_262144.txt,3,5.96915,CUDA_fft.exe
114,128,numbers_262144.txt,4,5.89856,CUDA_fft.exe
114,128,numbers_262144.txt,5,6.39069,CUDA_fft.exe
114,128,numbers_262144.txt,6,5.92803,CUDA_fft.exe
114,128,numbers_262144.txt,7,5.84813,CUDA_fft.exe
114,128,numbers_262144.txt,8,5.77891,CUDA_fft.exe
114,128,numbers_262144.txt,9,7.2577,CUDA_fft.exe
114,128,numbers_262144.txt,10,5.92944,CUDA_fft.exe
115,256,numbers_262144.txt,1,6.9241,CUDA_fft.exe
115,256,numbers_262144.txt,2,6.088,CUDA_fft.exe
115,256,numbers_262144.txt,3,6.08906,CUDA_fft.exe
115,256,numbers_262144.txt,4,6.01165,CUDA_fft.exe
115,256,numbers_262144.txt,5,6.01898,CUDA_fft.exe
115,256,numbers_262144.txt,6,5.87235,CUDA_fft.exe
115,256,numbers_262144.txt,7,5.86774,CUDA_fft.exe
115,256,numbers_262144.txt,8,6.02048,CUDA_fft.exe
115,256,numbers_262144.txt,9,5.88608,CUDA_fft.exe
115,256,numbers_262144.txt,10,5.83779,CUDA_fft.exe
116,32,numbers_262144.txt,1,2.22291,CUDA_FFT_NOE.exe
116,32,numbers_262144.txt,2,2.86262,CUDA_FFT_NOE.exe
116,32,numbers_262144.txt,3,2.09587,CUDA_FFT_NOE.exe
116,32,numbers_262144.txt,4,2.08979,CUDA_FFT_NOE.exe
116,32,numbers_262144.txt,5,2.09133,CUDA_FFT_NOE.exe
116,32,numbers_262144.txt,6,2.09082,CUDA_FFT_NOE.exe
116,32,numbers_262144.txt,7,2.09008,CUDA_FFT_NOE.exe
116,32,numbers_262144.txt,8,2.86646,CUDA_FFT_NOE.exe
116,32,numbers_262144.txt,9,2.08048,CUDA_FFT_NOE.exe
116,32,numbers_262144.txt,10,2.10406,CUDA_FFT_NOE.exe
117,64,numbers_262144.txt,1,2.2144,CUDA_FFT_NOE.exe
117,64,numbers_262144.txt,2,2.14035,CUDA_FFT_NOE.exe
117,64,numbers_262144.txt,3,2.78605,CUDA_FFT_NOE.exe
117,64,numbers_262144.txt,4,2.11232,CUDA_FFT_NOE.exe
117,64,numbers_262144.txt,5,2.07546,CUDA_FFT_NOE.exe
117,64,numbers_262144.txt,6,2.12122,CUDA_FFT_NOE.exe
117,64,numbers_262144.txt,7,2.10115,CUDA_FFT_NOE.exe
117,64,numbers_262144.txt,8,2.79066,CUDA_FFT_NOE.exe
117,64,numbers_262144.txt,9,2.12902,CUDA_FFT_NOE.exe
117,64,numbers_262144.txt,10,2.07462,CUDA_FFT_NOE.exe
118,128,numbers_262144.txt,1,2.27853,CUDA_FFT_NOE.exe
118,128,numbers_262144.txt,2,2.13194,CUDA_FFT_NOE.exe
118,128,numbers_262144.txt,3,2.12605,CUDA_FFT_NOE.exe
118,128,numbers_262144.txt,4,2.12717,CUDA_FFT_NOE.exe
118,128,numbers_262144.txt,5,2.12842,CUDA_FFT_NOE.exe
118,128,numbers_262144.txt,6,2.10707,CUDA_FFT_NOE.exe
118,128,numbers_262144.txt,7,2.26944,CUDA_FFT_NOE.exe
118,128,numbers_262144.txt,8,2.13408,CUDA_FFT_NOE.exe
118,128,numbers_262144.txt,9,2.10861,CUDA_FFT_NOE.exe
118,128,numbers_262144.txt,10,2.16822,CUDA_FFT_NOE.exe
119,256,numbers_262144.txt,1,2.27562,CUDA_FFT_NOE.exe
119,256,numbers_262144.txt,2,2.13123,CUDA_FFT_NOE.exe
119,256,numbers_262144.txt,3,2.13091,CUDA_FFT_NOE.exe
119,256,numbers_262144.txt,4,2.18445,CUDA_FFT_NOE.exe
119,256,numbers_262144.txt,5,2.20358,CUDA_FFT_NOE.exe
119,256,numbers_262144.txt,6,2.18016,CUDA_FFT_NOE.exe
119,256,numbers_262144.txt,7,2.15402,CUDA_FFT_NOE.exe
119,256,numbers_262144.txt,8,2.15219,CUDA_FFT_NOE.exe
119,256,numbers_262144.txt,9,2.88006,CUDA_FFT_NOE.exe
119,256,numbers_262144.txt,10,2.13603,CUDA_FFT_NOE.exe
